Post,id,likes_count,from_id,from_name,message,created_time,type,link,story,comments_count,shares_count,love_count,haha_count,wow_count,sad_count,angry_count
1,635054059945646_10155894476867488,18181,6.35E+14,Black Panther,A king will rise. Watch the brand-new spot for Marvel Studiosí ìBlack Panther î in theaters February 16!,2017-12-25T17:01:12+0000,video,https://www.facebook.com/BlackPantherMovie/videos/10155894476867488/,NA,833,8853,6497,38,720,2,1
2,635054059945646_10155981451892488,6069,6.35E+14,Black Panther,ìYou need a hero.î - Kendrick Lamar #BlackPanther (via Chadwick Boseman),2018-01-25T19:25:22+0000,video,https://www.facebook.com/BlackPantherMovie/videos/10155981451892488/,NA,242,1817,1874,11,306,0,2
3,635054059945646_10156020707412488,4295,6.35E+14,Black Panther,"Tag who youíre going to see Marvel Studios' ""Black Panther"" with. Get tickets now: http://www.fandango.com/blackpanther",2018-02-07T18:07:27+0000,video,https://www.facebook.com/BlackPantherMovie/videos/10156020707412488/,NA,547,1246,1556,14,201,3,1
4,635054059945646_1402351133215931,12596,6.35E+14,Black Panther,NA,2017-10-16T13:26:19+0000,photo,https://www.facebook.com/chadwickboseman/photos/a.405869824863.182772.137569069863/10155313289119864/?type=3,Black Panther shared a photo.,222,16,3786,20,536,4,3
5,635054059945646_1416438561807188,4618,6.35E+14,Black Panther,"Happy Birthday to Letitia Wright! We canít wait to see Shuri in Marvel Studios' ""Black Panther."" Whoís excited?",2017-10-31T21:00:01+0000,photo,https://www.facebook.com/BlackPantherMovie/photos/a.959302734187442.1073741828.635054059945646/1416438561807188/?type=3,NA,65,323,827,6,91,0,1
6,635054059945646_1423337257783985,13475,6.35E+14,Black Panther,"<ed><U+00A0><U+00BD><ed><U+00B2><U+00AF> days until Marvel Studios' ""Black Panther""!",2017-11-08T18:00:01+0000,video,https://www.facebook.com/BlackPantherMovie/videos/1423337257783985/,NA,471,6257,4501,20,612,3,2
7,635054059945646_1424245741026470,27650,6.35E+14,Black Panther,Wakanda Forever. #BlackPanther,2017-11-09T18:03:18+0000,photo,https://www.facebook.com/BlackPantherMovie/photos/a.959302734187442.1073741828.635054059945646/1424244711026573/?type=3,NA,942,15002,9795,31,1296,3,2
8,635054059945646_1429861920464852,1212,6.35E+14,Black Panther,"Happy Birthday to Winston Duke! Whoís excited to see him in Marvel Studios' ""Black Panther""?",2017-11-15T22:30:01+0000,photo,https://www.facebook.com/BlackPantherMovie/photos/a.959302734187442.1073741828.635054059945646/1429861920464852/?type=3,NA,27,24,108,9,4,0,0
9,635054059945646_1438031436314567,7444,6.35E+14,Black Panther,Three months until Marvel Studiosí ìBlack Panther.î,2017-11-24T18:51:42+0000,video,https://www.facebook.com/BlackPantherMovie/videos/1438031436314567/,NA,179,1426,2225,11,265,4,1
10,635054059945646_1443404995777211,10580,6.35E+14,Black Panther,"Happy Birthday to Black Panther himself, Chadwick Boseman!",2017-11-29T20:45:01+0000,photo,https://www.facebook.com/BlackPantherMovie/photos/a.959302734187442.1073741828.635054059945646/1443404995777211/?type=3,NA,198,633,2374,15,130,0,0
11,635054059945646_1467033566747687,4686,6.35E+14,Black Panther,"Marvel Studios' ""Black Panther"" graces the subscriber cover of Empire Magazine! The issue hits newsstands December 28: http://bit.ly/2kIasgI",2017-12-22T20:45:00+0000,photo,https://www.facebook.com/BlackPantherMovie/photos/a.959302734187442.1073741828.635054059945646/1467033566747687/?type=3,NA,43,474,964,3,255,0,1
12,635054059945646_1471513279633049,7625,6.35E+14,Black Panther,50 days. #BlackPanther,2017-12-27T17:06:16+0000,video,https://www.facebook.com/BlackPantherMovie/videos/1471513279633049/,NA,171,1759,2218,10,251,1,1
13,635054059945646_1471554606295583,4591,6.35E+14,Black Panther,"""The world is changing. There will only be the conquered and the conquerors."" #BlackPanther",2017-12-27T18:00:02+0000,photo,https://www.facebook.com/BlackPantherMovie/photos/a.959302734187442.1073741828.635054059945646/1471554606295583/?type=3,NA,67,310,959,1,87,0,0
14,635054059945646_1471690869615290,4231,6.35E+14,Black Panther,Check out these brand new images from Marvel Studios' #BlackPanther in this weekís issue of Empire Magazine! Read more: http://bit.ly/2BK0Ybm,2017-12-27T22:00:01+0000,photo,https://www.facebook.com/BlackPantherMovie/photos/a.959302734187442.1073741828.635054059945646/1471690662948644/?type=3,NA,40,181,751,2,109,0,0
15,635054059945646_1475587889225588,7872,6.35E+14,Black Panther,"Shall we, 2018? #NewYearsEve #BlackPanther",2018-01-01T02:00:01+0000,photo,https://www.facebook.com/BlackPantherMovie/photos/a.959302734187442.1073741828.635054059945646/1475587889225588/?type=3,NA,98,533,1965,9,120,2,2
16,635054059945646_1478218805629163,6443,6.35E+14,Black Panther,ìExplorers have searched for it. Called it El Dorado.î #BlackPanther,2018-01-03T18:00:04+0000,photo,https://www.facebook.com/BlackPantherMovie/photos/a.959302734187442.1073741828.635054059945646/1478218805629163/?type=3,NA,80,415,1269,12,185,1,0
17,635054059945646_1479206248863752,3832,6.35E+14,Black Panther,"Kendrick Lamar, Dangeroo Kipawaa, and Top Dawg Entertainment will curate and produce ""Black Panther: The Album, Music from and Inspired by the Film,"" including lead single ìAll the Starsî by SZA. Listen to the single now: http://bit.ly/2qlT9HN",2018-01-04T15:12:41+0000,photo,https://www.facebook.com/BlackPantherMovie/photos/a.959302734187442.1073741828.635054059945646/1479206248863752/?type=3,NA,181,777,1020,4,203,2,1
18,635054059945646_1481721715278872,3205,6.35E+14,Black Panther,Wakanda Forever! #BlackPanther,2018-01-06T19:00:23+0000,video,https://www.facebook.com/BlackPantherMovie/videos/1481721715278872/,NA,23,199,635,7,87,0,0
19,635054059945646_1483773928406984,3900,6.35E+14,Black Panther,"Tune in TONIGHT to the CFP National Championship presented by AT&T at 8PM ET on ESPN for a special look at Marvel Studios' ""Black Panther""!",2018-01-08T17:00:01+0000,photo,https://www.facebook.com/BlackPantherMovie/photos/a.959302734187442.1073741828.635054059945646/1483773928406984/?type=3,NA,60,421,752,6,118,0,0
20,635054059945646_1484828754968168,3373,6.35E+14,Black Panther,"Get your tickets to see Marvel Studios' ""Black Panther"" NOW: http://www.fandango.com/blackpanther",2018-01-09T18:13:03+0000,video,https://www.facebook.com/BlackPantherMovie/videos/1484828754968168/,NA,83,546,952,2,94,2,0
21,635054059945646_1484864558297921,7429,6.35E+14,Black Panther,NA,2018-01-09T19:01:20+0000,photo,https://www.facebook.com/BlackPantherMovie/photos/a.635567983227587.1073741826.635054059945646/1484864558297921/?type=3,Black Panther updated their cover photo.,71,604,1868,5,157,1,3
22,635054059945646_1484918011625909,4827,6.35E+14,Black Panther,Hero. Legend. King. #BlackPanther,2018-01-09T20:00:54+0000,video,https://www.facebook.com/BlackPantherMovie/videos/1484918011625909/,NA,79,812,1407,5,140,1,0
23,635054059945646_1486863921431318,5714,6.35E+14,Black Panther,ìI waited my entire life for this.î #BlackPanther,2018-01-11T20:00:43+0000,video,https://www.facebook.com/BlackPantherMovie/videos/1486863921431318/,NA,140,904,1466,6,200,2,2
24,635054059945646_1487758818008495,3154,6.35E+14,Black Panther,"Get your tickets to see Marvel Studios' ""Black Panther"" NOW: www.fandango.com/blackpanther",2018-01-12T20:00:01+0000,photo,https://www.facebook.com/BlackPantherMovie/photos/a.959302734187442.1073741828.635054059945646/1487758818008495/?type=3,NA,76,277,616,6,89,1,0
25,635054059945646_1488849304566113,4144,6.35E+14,Black Panther,"""What happens now determines what happens to the rest of the world."" #BlackPanther",2018-01-13T20:00:01+0000,photo,https://www.facebook.com/BlackPantherMovie/photos/a.959302734187442.1073741828.635054059945646/1488849304566113/?type=3,NA,40,302,811,8,88,0,0
26,635054059945646_1491578550959855,2454,6.35E+14,Black Panther,ìYou get to decide what kind of king you are going to be.î #BlackPanther,2018-01-16T20:30:41+0000,video,https://www.facebook.com/BlackPantherMovie/videos/1491578550959855/,NA,31,425,671,2,52,0,0
27,635054059945646_1492607990856911,4034,6.35E+14,Black Panther,"Be a legend among 100 of your family and friends and enter at Disney Movie Rewards for a chance to win a private screening of Marvel Studios' ""Black Panther"": http://bit.ly/2rk4MPQ",2018-01-17T23:00:01+0000,photo,https://www.facebook.com/BlackPantherMovie/photos/a.959302734187442.1073741828.635054059945646/1492607990856911/?type=3,NA,37,292,649,3,90,1,0
28,635054059945646_1494735200644190,828,6.35E+14,Black Panther,"Want to attend the Los Angeles premiere of Marvel Studios' ""Black Panther""? Bid now for a chance to receive TWO tickets! All proceeds will go to the GO Campaign. Learn more:",2018-01-19T19:01:00+0000,link,http://bit.ly/2BeD0nF,NA,12,39,105,1,27,0,0
29,635054059945646_1495736243877419,2088,6.35E+14,Black Panther,"Protect. Defend. Wakanda Forever. See Marvel Studios' ""Black Panther"" in theaters February 16. Get tickets: www.fandango.com/blackpanther",2018-01-20T19:00:39+0000,video,https://www.facebook.com/BlackPantherMovie/videos/1495736243877419/,NA,53,322,486,1,46,0,0
30,635054059945646_1496671813783862,2303,6.35E+14,Black Panther,"ìNow it is time to show the outside world who we are.î Get tickets to Marvel Studios' ""Black Panther"" now: www.fandango.com/blackpanther",2018-01-21T17:00:40+0000,video,https://www.facebook.com/BlackPantherMovie/videos/1496671813783862/,NA,38,262,463,1,44,0,0
31,635054059945646_1497899543661089,4138,6.35E+14,Black Panther,Selfie time with Winston Duke and Daniel Kaluuya! #SAGAwards #BlackPanther (via Lupita Nyong'o),2018-01-22T22:25:32+0000,photo,https://www.facebook.com/BlackPantherMovie/photos/a.959302734187442.1073741828.635054059945646/1497899543661089/?type=3,NA,61,168,949,7,46,0,0
32,635054059945646_1500260050091705,805,6.35E+14,Black Panther,"ìLetís go!î See Marvel Studiosí ""Black Panther"" in theaters February 16 and get tickets now: www.fandango.com/blackpanther",2018-01-25T13:00:00+0000,video,https://www.facebook.com/BlackPantherMovie/videos/1500260050091705/,NA,13,125,150,3,30,0,0
33,635054059945646_1504604352990608,1455,6.35E+14,Black Panther,"Weíre going LIVE from the #BlackPanther red carpet premiere in Hollywood TONIGHT at 9PM ET/6PM PT, presented by Marvel Contest of Champions! Watch here: Marvel.com/BlackPantherLive",2018-01-29T17:29:29+0000,photo,https://www.facebook.com/BlackPantherMovie/photos/a.959302734187442.1073741828.635054059945646/1504604352990608/?type=3,NA,29,235,303,1,61,0,0
34,635054059945646_1504626332988410,4638,6.35E+14,Black Panther,"The Dolby Cinema poster for Marvel Studios' ""Black Panther"" is here! Get your tickets now: http://bit.ly/2FrFSQu #BlackPanther",2018-01-29T18:00:02+0000,photo,https://www.facebook.com/BlackPantherMovie/photos/a.959302734187442.1073741828.635054059945646/1504626332988410/?type=3,NA,65,793,1003,5,169,1,0
35,635054059945646_1504938516290525,5406,6.35E+14,Black Panther,"""Now that we have your attention.î Get tickets to see Marvel Studios' ""Black Panther"" now: www.fandango.com/blackpanther",2018-01-30T01:45:00+0000,video,https://www.facebook.com/BlackPantherMovie/videos/1504938516290525/,NA,309,2827,1934,8,280,1,0
36,635054059945646_1504965116287865,2317,6.35E+14,Black Panther,"Welcome to Wakanda. Weíre at the Marvel Studiosí #BlackPanther purple carpet premiere in Hollywood! Tune in to Marvel's livestream at 6PM PT/9PM ET, presented by Marvel Contest of Champions.",2018-01-30T01:55:32+0000,photo,https://www.facebook.com/BlackPantherMovie/photos/a.1317456868372025.1073741829.635054059945646/1504963382954705/?type=3,Black Panther with Marvel Contest of Champions.,29,274,541,4,93,1,0
37,635054059945646_1504983869619323,2012,6.35E+14,Black Panther,NA,2018-01-30T02:11:05+0000,video,https://www.facebook.com/Marvel/videos/10155993805517488/,Black Panther shared a live video.,27,733,744,1,69,1,0
38,635054059945646_1505014296282947,10643,6.35E+14,Black Panther,The king has arrived on the purple carpet. <ed><U+00A0><U+00BD><ed><U+00B1><U+0091> #BlackPanther Chadwick Boseman,2018-01-30T02:57:15+0000,video,https://www.facebook.com/BlackPantherMovie/videos/1505014296282947/,NA,559,4955,4982,38,494,2,3
39,635054059945646_1505080929609617,13313,6.35E+14,Black Panther,Wakanda Forever. The cast and crew shined at the Marvel Studiosí #BlackPanther purple carpet premiere! <ed><U+00A0><U+00BD><ed><U+00B1><U+0091><ed><U+00A0><U+00BD><ed><U+00B0><U+00BE><U+2728>,2018-01-30T04:23:28+0000,photo,https://www.facebook.com/BlackPantherMovie/photos/a.1317456868372025.1073741829.635054059945646/1505079499609760/?type=3,NA,329,4390,5094,16,345,4,0
40,635054059945646_1506838242767219,2296,6.35E+14,Black Panther,"A king will rise. Get tickets now to see Marvel Studios' ""Black Panther"": www.fandango.com/blackpanther",2018-01-31T20:00:22+0000,video,https://www.facebook.com/BlackPantherMovie/videos/1506838242767219/,NA,69,487,588,6,87,1,1
41,635054059945646_1507071082743935,3017,6.35E+14,Black Panther,NA,2018-02-01T02:39:58+0000,photo,https://www.facebook.com/kendricklamar/photos/a.10152444837648092.1073741825.241273033091/10156221516188092/?type=3,Black Panther shared a post.,89,506,847,2,115,0,0
42,635054059945646_1507733522677691,1439,6.35E+14,Black Panther,"Long live the king. Watch an exclusive clip from Marvel Studiosí ""Black Panther"" on Disney Movie Rewards now: http://bit.ly/2nsYmJI",2018-02-01T20:00:21+0000,video,https://www.facebook.com/BlackPantherMovie/videos/1507733522677691/,NA,31,120,278,3,37,1,2
43,635054059945646_1508459312605112,1589,6.35E+14,Black Panther,Check out the new single ìPray For Meî by Kendrick Lamar and The Weeknd from Black Panther: The Album. Music from and inspired by the film:  http://bit.ly/2BNuRXn,2018-02-02T15:04:01+0000,photo,https://www.facebook.com/BlackPantherMovie/photos/a.959302734187442.1073741828.635054059945646/1508459312605112/?type=3,NA,44,173,352,2,57,0,1
44,635054059945646_1508770032574040,2307,6.35E+14,Black Panther,"Two weeks until Marvel Studios' ""Black Panther."" Get your tickets now: www.fandango.com/blackpanther",2018-02-02T22:00:24+0000,video,https://www.facebook.com/BlackPantherMovie/videos/1508770032574040/,NA,86,579,724,1,72,1,0
45,635054059945646_1509687939148916,8818,6.35E+14,Black Panther,"On February 16, the King arrives. Comment below if you already have your tickets! <ed><U+00A0><U+00BC><ed><U+00BE><U+009F> #BlackPanther",2018-02-03T19:05:05+0000,video,https://www.facebook.com/BlackPantherMovie/videos/1509687939148916/,NA,930,5222,3885,17,361,6,1
46,635054059945646_1511729572278086,2078,6.35E+14,Black Panther,"All hail the king. Get tickets to see Marvel Studios' ""Black Panther"" now: www.fandango.com/blackpanther",2018-02-05T22:48:17+0000,video,https://www.facebook.com/BlackPantherMovie/videos/1511729572278086/,NA,50,410,686,5,57,0,0
47,635054059945646_1511882998929410,4487,6.35E+14,Black Panther,"The cast of Marvel Studios' ""Black Panther"" and director Ryan Coogler are all smiles at the black carpet fan event in Seoul!",2018-02-06T03:18:01+0000,photo,https://www.facebook.com/BlackPantherMovie/photos/a.959302734187442.1073741828.635054059945646/1511880235596353/?type=3,NA,64,560,1080,4,78,1,2
48,635054059945646_1512576895526687,4524,6.35E+14,Black Panther,The new IMAX poster just dropped. The King arrives to #IMAX 2/16! #BlackPanther (via Chadwick Boseman),2018-02-06T21:03:28+0000,photo,https://www.facebook.com/BlackPantherMovie/photos/a.959302734187442.1073741828.635054059945646/1512576895526687/?type=3,NA,108,871,1111,2,157,0,1
49,635054059945646_1512758118841898,2416,6.35E+14,Black Panther,"A king will rise. Get your tickets now to see Marvel Studiosí ìBlack Panther,î in theaters February 16: www.fandango.com/blackpanther",2018-02-07T03:00:02+0000,photo,https://www.facebook.com/BlackPantherMovie/photos/a.959302734187442.1073741828.635054059945646/1512758118841898/?type=3,NA,60,407,533,2,60,0,0
50,635054059945646_1513401242110919,2492,6.35E+14,Black Panther,"Wakanda forever. Get your tickets to Marvel Studios' ""Black Panther"" now: http://bit.ly/2Ea4GjU",2018-02-07T20:00:01+0000,photo,https://www.facebook.com/BlackPantherMovie/photos/a.959302734187442.1073741828.635054059945646/1513401242110919/?type=3,NA,73,550,665,7,77,0,0
51,635054059945646_1513518785432498,3775,6.35E+14,Black Panther,The Black Panther lives! Check out this #BlackPantherFanArt by ArtxMan: http://bit.ly/2E9fRt2 #ad,2018-02-07T22:00:03+0000,photo,https://www.facebook.com/BlackPantherMovie/photos/a.959302734187442.1073741828.635054059945646/1513518785432498/?type=3,NA,43,509,774,7,113,0,0
52,635054059945646_1514213495363027,1603,6.35E+14,Black Panther,10 years in the making.,2018-02-08T17:01:05+0000,photo,https://www.facebook.com/BlackPantherMovie/photos/a.959302734187442.1073741828.635054059945646/1514213495363027/?type=3,NA,25,94,394,1,64,0,1
53,635054059945646_1514215025362874,2665,6.35E+14,Black Panther,NA,2018-02-08T17:04:11+0000,photo,https://www.facebook.com/BlackPantherMovie/photos/a.635567983227587.1073741826.635054059945646/1514215025362874/?type=3,Black Panther updated their cover photo.,44,150,627,3,74,1,2
54,635054059945646_1514540151997028,1940,6.35E+14,Black Panther,The kingdom has come. #BlackPanther,2018-02-09T01:08:58+0000,photo,https://www.facebook.com/BlackPantherMovie/photos/a.959302734187442.1073741828.635054059945646/1514540151997028/?type=3,NA,42,278,395,4,56,0,0
55,635054059945646_1514597245324652,3249,6.35E+14,Black Panther,"Long live the king. Check out a brand new look at Marvel Studios' ""Black Panther,"" in theaters February 16: www.fandango.com/blackpanther",2018-02-09T02:49:01+0000,video,https://www.facebook.com/BlackPantherMovie/videos/1514597245324652/,NA,196,1365,1111,9,118,0,1
56,635054059945646_1515543098563400,1685,6.35E+14,Black Panther,"Respect the throne. See Marvel Studios' ""Black Panther"" in theaters in one week.",2018-02-10T03:00:02+0000,photo,https://www.facebook.com/BlackPantherMovie/photos/a.959302734187442.1073741828.635054059945646/1515543098563400/?type=3,NA,38,165,291,1,43,1,1
57,635054059945646_1516101671840876,4395,6.35E+14,Black Panther,"Wakanda Forever. The exclusive RealD poster for Marvel Studios' ""Black Panther"" is here! See it in RealD 3D at Regal Cinemas everywhere this Friday and get tickets now: http://regmovi.es/2D8MJyc",2018-02-10T16:20:00+0000,photo,https://www.facebook.com/BlackPantherMovie/photos/a.959302734187442.1073741828.635054059945646/1516101671840876/?type=3,NA,108,1085,1013,5,135,1,2
58,635054059945646_1517144608403249,1991,6.35E+14,Black Panther,"Five days until Marvel Studios' ""Black Panther."" Get your tickets now: www.fandango.com/blackpanther",2018-02-11T17:00:48+0000,video,https://www.facebook.com/BlackPantherMovie/videos/1517144608403249/,NA,74,461,570,3,53,0,0
59,635054059945646_1518224164961960,2722,6.35E+14,Black Panther,"Four days until Marvel Studios' ""Black Panther."" Get your tickets: www.fandango.com/blackpanther",2018-02-12T18:37:09+0000,video,https://www.facebook.com/BlackPantherMovie/videos/1518224164961960/,NA,107,840,809,2,61,1,0
60,635054059945646_1518260678291642,2401,6.35E+14,Black Panther,"Whatís your favorite track on ""Black Panther: The Album""? Listen to it now: http://smarturl.it/BlackPantherAlbum",2018-02-12T20:00:00+0000,photo,https://www.facebook.com/BlackPantherMovie/photos/a.959302734187442.1073741828.635054059945646/1518260601624983/?type=3,NA,239,310,541,2,43,0,0
61,635054059945646_1518267201624323,663,6.35E+14,Black Panther,Watch Ghetto Gastro as they put the finishing touches on the #TasteOfWakanda for #NYFW. #BlackPanther,2018-02-12T19:36:12+0000,video,https://www.facebook.com/BlackPantherMovie/videos/1518267201624323/,NA,15,105,143,1,30,0,0
62,635054059945646_1518335821617461,4045,6.35E+14,Black Panther,NA,2018-02-12T21:18:32+0000,photo,https://www.facebook.com/BlackPantherMovie/photos/a.635567983227587.1073741826.635054059945646/1518335821617461/?type=3,Black Panther updated their cover photo.,267,2320,946,13,65,3,6
63,635054059945646_1518348561616187,1676,6.35E+14,Black Panther,"In four days, respect the throne. Do you have your tickets to Marvel Studios' ""Black Panther""? www.fandango.com/blackpanther",2018-02-12T21:38:13+0000,video,https://www.facebook.com/BlackPantherMovie/videos/1518348561616187/,NA,138,518,444,3,47,0,1
64,635054059945646_1518487478268962,1459,6.35E+14,Black Panther,"Shani Crowe, AKA Crowezilla, gives her own take on #WakandaStyle. Share your look using the hashtag. #BlackPanther #ad",2018-02-13T01:30:03+0000,photo,https://www.facebook.com/BlackPantherMovie/photos/a.959302734187442.1073741828.635054059945646/1518487341602309/?type=3,NA,35,144,305,2,44,0,1
65,635054059945646_1519212894863087,1241,6.35E+14,Black Panther,"Three days until Marvel Studios' ""Black Panther."" Get your tickets now: www.fandango.com/blackpanther",2018-02-13T18:00:01+0000,status,NA,NA,50,49,180,1,21,0,1
66,635054059945646_1519311611519882,3862,6.35E+14,Black Panther,The Black Panther lives! Take a look at this #BlackPantherFanArt from Jcolegraphix featuring Adidas #Futurecraft 4D. Share your fan art using the hashtag! #BlackPanther #ad,2018-02-13T20:07:58+0000,photo,https://www.facebook.com/BlackPantherMovie/photos/a.959302734187442.1073741828.635054059945646/1519311611519882/?type=3,NA,226,845,798,23,297,0,1
67,635054059945646_1519433301507713,5292,6.35E+14,Black Panther,"The cast and director of Marvel Studios' ""Black Panther"" attended last night's #NYFW event celebrating the film!",2018-02-13T23:14:39+0000,photo,https://www.facebook.com/BlackPantherMovie/photos/a.959302734187442.1073741828.635054059945646/1519432704841106/?type=3,NA,104,683,1361,10,78,1,2
68,635054059945646_1520275734756803,3875,6.35E+14,Black Panther,"Defend the throne. See Marvel Studios' ""Black Panther"" in theaters this Friday.",2018-02-14T19:00:02+0000,photo,https://www.facebook.com/BlackPantherMovie/photos/a.959302734187442.1073741828.635054059945646/1520275734756803/?type=3,NA,112,507,704,2,70,1,2
69,635054059945646_1520317008086009,1486,6.35E+14,Black Panther,Simply royal. Have a look at this #BlackPantherFanArt by ROB x Steph! Share your fan art using the hashtag. #BlackPanther #ad,2018-02-14T20:00:03+0000,photo,https://www.facebook.com/BlackPantherMovie/photos/a.959302734187442.1073741828.635054059945646/1520317008086009/?type=3,NA,38,129,401,3,41,0,2
70,635054059945646_1521346427983067,2785,6.35E+14,Black Panther,"TONIGHT. Do you have your tickets to Marvel Studios' ""Black Panther"" yet? www.fandango.com/blackpanther",2018-02-15T18:30:01+0000,photo,https://www.facebook.com/BlackPantherMovie/photos/a.959302734187442.1073741828.635054059945646/1521346427983067/?type=3,NA,122,399,566,4,68,4,1
71,635054059945646_1521485701302473,2739,6.35E+14,Black Panther,"Join the celebration and enter the Marvel Studios Ultimate Fan sweepstakes. Post your favorite Black Panther memory or your own personal photo with #Marvel10YearSweepstakes & #BlackPanther for a chance to win a trip to the Marvel Studios' Avengers: Infinity War premiere, Marvel Studios' Captain Marvel set visit, and more! Rules: www.marvel.com/10YearSweepstakes",2018-02-15T22:00:23+0000,photo,https://www.facebook.com/BlackPantherMovie/photos/a.959302734187442.1073741828.635054059945646/1521485701302473/?type=3,NA,107,215,463,1,45,1,2
72,635054059945646_1522269521224091,4084,6.35E+14,Black Panther,"Marvel Studios' ""Black Panther"" is NOW PLAYING. Get tickets: www.fandango.com/blackpanther",2018-02-16T16:29:05+0000,video,https://www.facebook.com/BlackPantherMovie/videos/1522269521224091/,NA,205,1333,1322,7,87,1,2
73,635054059945646_1522565507861159,1853,6.35E+14,Black Panther,"Maria Beltre flaunts her #WakandaStyle. What are you wearing to see Marvel Studios' ""Black Panther""? Share your photos using the hashtag.",2018-02-16T22:59:53+0000,photo,https://www.facebook.com/BlackPantherMovie/photos/a.959302734187442.1073741828.635054059945646/1522565507861159/?type=3,NA,60,76,211,5,32,0,2
74,635054059945646_1522606814523695,2390,6.35E+14,Black Panther,"Wakanda Forever. Download the new Marvel Studios' ""Black Panther"" iOS stickers from the App Store now:",2018-02-17T00:00:01+0000,link,http://itunes.apple.com/app/id1340511186,NA,105,152,387,12,31,0,3
75,635054059945646_1522886497829060,4953,6.35E+14,Black Panther,"The Black Panther lives! Experience Wakanda specially formatted in IMAX. Marvel Studios' ""Black Panther"" is now playing in theaters!",2018-02-17T17:00:01+0000,video,https://www.facebook.com/BlackPantherMovie/videos/1522886497829060/,NA,233,1430,1390,10,112,0,2
76,635054059945646_1523426324441744,3573,6.35E+14,Black Panther,"Welcome to Wakanda. See Marvel Studios' ""Black Panther"" in theaters NOW: www.fandango.com/blackpanther",2018-02-17T19:00:01+0000,photo,https://www.facebook.com/BlackPantherMovie/photos/a.959302734187442.1073741828.635054059945646/1523426324441744/?type=3,NA,170,317,810,6,79,1,3
77,635054059945646_1523432904441086,5651,6.35E+14,Black Panther,"Wakanda Forever! Check out this awesome #BlackPantherFanArt, and share your own fan art using the hashtag. #BlackPanther",2018-02-17T19:30:00+0000,photo,https://www.facebook.com/BlackPantherMovie/photos/a.959302734187442.1073741828.635054059945646/1523432011107842/?type=3,NA,173,1082,1381,9,152,0,3
78,635054059945646_1523922587725451,8682,6.35E+14,Black Panther,"Marvel Studios' ""Black Panther"" is the #1 movie in the world. Have you seen it yet? Get tickets: www.fandango.com/blackpanther",2018-02-18T19:00:01+0000,video,https://www.facebook.com/BlackPantherMovie/videos/1523922587725451/,NA,550,2556,3425,17,200,4,2
79,635054059945646_1524666900984353,2864,6.35E+14,Black Panther,"Benny Harlem shows us his #WakandaStyle for the opening weekend of Marvel Studios' ""Black Panther."" Share your look using the hashtag!",2018-02-18T22:00:01+0000,photo,https://www.facebook.com/BlackPantherMovie/photos/a.959302734187442.1073741828.635054059945646/1524666900984353/?type=3,NA,165,318,495,71,214,0,2
80,635054059945646_1525568750894168,9447,6.35E+14,Black Panther,"The cast of Marvel Studios' ""Black Panther"" looked like royalty at the South African premiere!",2018-02-19T21:00:01+0000,photo,https://www.facebook.com/BlackPantherMovie/photos/a.959302734187442.1073741828.635054059945646/1525568367560873/?type=3,NA,186,784,2823,11,145,2,3
81,635054059945646_1526623657455344,7636,6.35E+14,Black Panther,"Wakanda Forever. Marvel Studios' ""Black Panther"" is the #1 movie in the world! Which character was your favorite?",2018-02-20T19:30:02+0000,photo,https://www.facebook.com/BlackPantherMovie/photos/a.959302734187442.1073741828.635054059945646/1526623657455344/?type=3,NA,653,1345,2592,16,142,3,5
82,635054059945646_1526722194112157,4088,6.35E+14,Black Panther,"ìYou are not alone in this fight."" Get tickets: www.fandango.com/blackpanther #BlackPanther",2018-02-20T22:00:00+0000,video,https://www.facebook.com/BlackPantherMovie/videos/1526722194112157/,NA,174,666,1260,4,68,0,4
83,635054059945646_1526841207433589,13133,6.35E+14,Black Panther,Wakanda Forever. #BlackPanther,2018-02-21T01:00:01+0000,photo,https://www.facebook.com/BlackPantherMovie/photos/a.959302734187442.1073741828.635054059945646/1526841207433589/?type=3,NA,528,4080,6046,9,190,1,2
84,635054059945646_1527597240691319,4192,6.35E+14,Black Panther,"Marvel Studios' ""Black Panther"" is the #1 movie in the world. Tag a friend you saw the film with!",2018-02-21T19:00:01+0000,photo,https://www.facebook.com/BlackPantherMovie/photos/a.959302734187442.1073741828.635054059945646/1527597240691319/?type=3,NA,465,502,1004,24,47,1,3
85,635054059945646_1528554723928904,4435,6.35E+14,Black Panther,"Marvel Studios' ""Black Panther"" is the #1 movie in the world. See the film critics call ìa game changerî: www.fandango.com/blackpanther",2018-02-22T18:00:01+0000,video,https://www.facebook.com/BlackPantherMovie/videos/1528554723928904/,NA,188,873,1133,5,85,1,3
86,635054059945646_1528725337245176,2528,6.35E+14,Black Panther,"Check out the director and cast of Marvel Studios' ""Black Panther"" as they answer fan questions in the first-ever Tumblr Video Answer Time!",2018-02-22T21:30:48+0000,link,https://stardom.tumblr.com/,NA,74,147,307,1,29,0,3
87,635054059945646_1529693660481677,6279,6.35E+14,Black Panther,"Marvel Studios' ""Black Panther"" is the #1 movie in the world. See it again: www.fandango.com/blackpanther",2018-02-23T20:00:01+0000,photo,https://www.facebook.com/BlackPantherMovie/photos/a.959302734187442.1073741828.635054059945646/1529693660481677/?type=3,NA,206,514,1208,11,74,0,1
88,635054059945646_1529848977132812,4506,6.35E+14,Black Panther,"Wakanda Forever. Here's a look at some #BlackPantherFanArt submissions, and don't forget to share your own fan art using the hashtag! #BlackPanther",2018-02-23T23:54:29+0000,photo,https://www.facebook.com/BlackPantherMovie/photos/a.959302734187442.1073741828.635054059945646/1529848727132837/?type=3,NA,119,638,1110,4,76,0,2
89,635054059945646_1530626643721712,10166,6.35E+14,Black Panther,The people have spoken. Marvel Studiosí ìBlack Pantherî is the #1 movie in the world. Get tickets: www.fandango.com/blackpanther,2018-02-24T18:00:01+0000,photo,https://www.facebook.com/BlackPantherMovie/photos/a.959302734187442.1073741828.635054059945646/1530626643721712/?type=3,NA,386,1169,2391,18,208,3,2
90,635054059945646_1531844043599972,5342,6.35E+14,Black Panther,"All hail the king. Have you seen Marvel Studios' ""Black Panther"" yet? Tickets: www.fandango.com/blackpanther",2018-02-25T20:00:01+0000,photo,https://www.facebook.com/BlackPantherMovie/photos/a.959302734187442.1073741828.635054059945646/1531844043599972/?type=3,NA,226,289,1018,5,50,1,0
91,635054059945646_1533831190067924,5248,6.35E+14,Black Panther,"Marvel Studios' ""Black Panther"" is the #1 movie in the world. How many times have you seen it?",2018-02-27T19:30:01+0000,photo,https://www.facebook.com/BlackPantherMovie/photos/a.959302734187442.1073741828.635054059945646/1533831190067924/?type=3,NA,487,260,937,15,82,4,3
92,635054059945646_1533993396718370,4023,6.35E+14,Black Panther,"<U+202A>Tonight weíre at the Apollo Theater for a special #BlackPanther event with Chadwick Boseman, Lupita Nyong'o + Ta-Nehisi Coates in conversation. <U+202C>
<U+202A>Tune in to see the livestream at 7:30PM ET: http://bit.ly/ApolloTheaterVideo, and stay tuned to our Instagram Stories for a peek! #BlackPantherApollo<U+202C>",2018-02-27T23:35:45+0000,photo,https://www.facebook.com/BlackPantherMovie/photos/a.1317456868372025.1073741829.635054059945646/1533993366718373/?type=3,Black Panther is attending an event at Apollo Theater.,78,349,887,11,90,3,1
93,635054059945646_1534024003381976,915,6.35E+14,Black Panther,NA,2018-02-28T00:28:18+0000,video,https://www.facebook.com/ApolloTheater/videos/10155072079936050/,Black Panther shared a live video.,32,133,194,1,9,0,0
94,635054059945646_1535954043188972,3864,6.35E+14,Black Panther,NA,2018-03-01T20:58:12+0000,photo,https://www.facebook.com/avengers/photos/a.229675623757118.60886.126757470715601/1695288553862477/?type=3,Black Panther shared a photo.,146,456,778,8,138,0,1
95,635054059945646_1535975153186861,5475,6.35E+14,Black Panther,Happy Birthday to Lupita Nyong'o! Comment with your favorite Nakia moment.,2018-03-01T21:30:17+0000,photo,https://www.facebook.com/BlackPantherMovie/photos/a.959302734187442.1073741828.635054059945646/1535975153186861/?type=3,NA,330,276,1314,4,67,0,1
96,635054059945646_1536078553176521,3989,6.35E+14,Black Panther,Hero. Legend. King. Here's a look at some #BlackPantherFanArt submissions! Share your own fan art using the hashtag. #BlackPanther,2018-03-01T23:39:31+0000,photo,https://www.facebook.com/BlackPantherMovie/photos/a.959302734187442.1073741828.635054059945646/1536078016509908/?type=3,NA,87,679,957,5,90,0,1
97,635054059945646_1536953026422407,3822,6.35E+14,Black Panther,"Marvel Studios' ""Black Panther"" is the #1 movie in the world. Donít miss the phenomenon. Get tickets now: www.fandango.com/blackpanther",2018-03-02T19:38:39+0000,video,https://www.facebook.com/BlackPantherMovie/videos/1536953026422407/,NA,156,702,1007,4,60,0,1
98,635054059945646_1537014646416245,1099,6.35E+14,Black Panther,"Watch Ghetto Gastro as they show us how they prepared ìWakanda Pattiesî for #TasteofWakanda for Marvel Studios' ""Black Panther."" Head over to Disney Movie Rewards to check out the other recipe videos: http://di.sn/6002DrJuM",2018-03-02T20:32:24+0000,video,https://www.facebook.com/BlackPantherMovie/videos/1537014646416245/,NA,55,152,147,20,11,0,0
99,635054059945646_1537145043069872,702,6.35E+14,Black Panther,NA,2018-03-02T23:22:09+0000,video,https://www.facebook.com/disneymovierewards/videos/10155057015076852/,Black Panther shared a video.,19,46,63,3,9,0,1
100,635054059945646_1537256743058702,5330,6.35E+14,Black Panther,"This is our time. See Marvel Studios' ""Black Panther"" in theaters now: www.fandango.com/blackpanther",2018-03-03T17:30:00+0000,video,https://www.facebook.com/BlackPantherMovie/videos/1537256743058702/,NA,301,1199,1388,6,93,1,3
101,635054059945646_1537464213037955,2923,6.35E+14,Black Panther,"Wakanda Forever. Angela Bassett, Danai Gurira, and Lupita Nyong'o surprised fans at a screening of Marvel Studiosí ìBlack Pantherî! Watch our Instagram Story to see more.",2018-03-03T07:15:13+0000,photo,https://www.facebook.com/BlackPantherMovie/photos/a.1317456868372025.1073741829.635054059945646/1537463769704666/?type=3,NA,80,119,562,3,38,0,1
102,635054059945646_1538168066300903,2148,6.35E+14,Black Panther,AfroPunk show us their #WakandaStyle. Share your own look using the hashtag! #BlackPanther,2018-03-04T20:00:01+0000,photo,https://www.facebook.com/BlackPantherMovie/photos/a.959302734187442.1073741828.635054059945646/1538167902967586/?type=3,NA,81,98,320,1,22,0,1
103,635054059945646_1543389432445433,15851,6.35E+14,Black Panther,Happy #InternationalWomensDay to these amazing heroes!,2018-03-08T22:33:38+0000,photo,https://www.facebook.com/BlackPantherMovie/photos/a.959302734187442.1073741828.635054059945646/1543382429112800/?type=3,NA,313,2465,5469,9,137,1,4
104,635054059945646_1549723908478652,3818,6.35E+14,Black Panther,"Wakanda Forever. Take a look at these #BlackPantherFanArt submissions, and share your own fan art using the hashtag!",2018-03-14T18:30:00+0000,photo,https://www.facebook.com/BlackPantherMovie/photos/a.959302734187442.1073741828.635054059945646/1549723278478715/?type=3,NA,111,557,903,5,114,0,1
105,635054059945646_1550590971725279,2029,6.35E+14,Black Panther,NA,2018-03-15T16:02:52+0000,video,https://www.facebook.com/avengers/videos/416790788748539/,Black Panther shared a video.,79,312,502,4,118,0,0
106,635054059945646_1551850578265985,2593,6.35E+14,Black Panther,"Strong. Loyal. Noble. These are just some of the traits that make Black Panther a hero, legend, and king. Be Marvel, Be More.",2018-03-16T19:45:39+0000,video,https://www.facebook.com/BlackPantherMovie/videos/1551850578265985/,NA,87,342,488,4,48,1,1
107,635054059945646_1551927554924954,11708,6.35E+14,Black Panther,"Marvel Studios' ""Black Panther"" is the #1 movie in the world. See it again: fandango.com/blackpanther",2018-03-17T16:30:00+0000,photo,https://www.facebook.com/BlackPantherMovie/photos/a.959302734187442.1073741828.635054059945646/1551926784925031/?type=3,NA,362,1277,3001,16,169,1,3
108,635054059945646_1571163676334675,15068,6.35E+14,Black Panther,Itís all been leading to this. Avengers: #InfinityWar,2018-04-04T19:00:22+0000,photo,https://www.facebook.com/BlackPantherMovie/photos/a.959302734187442.1073741828.635054059945646/1571144453003264/?type=3,NA,188,2335,4753,15,343,0,1
109,635054059945646_1576208399163536,3361,6.35E+14,Black Panther,"Experience the worldwide phenomenon. Be the first to bring home Marvel Studiosí ""Black Panther"" on Digital, Movies Anywhere, and 4K UHD May 8 and Blu-ray May 15: http://bitly.com/witnessthelegend",2018-04-09T22:30:00+0000,video,https://www.facebook.com/BlackPantherMovie/videos/1576208399163536/,NA,307,1361,1240,10,162,1,0
110,635054059945646_1576331749151201,8898,6.35E+14,Black Panther,Sibling goals. <ed><U+00A0><U+00BD><ed><U+00B1><U+008A> Happy #NationalSiblingsDay from your favorite brother-sister duo.,2018-04-10T16:00:01+0000,video,https://www.facebook.com/BlackPantherMovie/videos/1576331749151201/,NA,329,2573,3686,782,32,0,2
111,635054059945646_1576897719094604,3787,6.35E+14,Black Panther,"Marvel Studiosí ""Black Panther"" comes home to Digital, Movies Anywhere, and 4K UHD May 8 and Blu-ray May 15. Pre-order now: http://bit.ly/witnessthelegend",2018-04-10T12:59:45+0000,photo,https://www.facebook.com/BlackPantherMovie/photos/a.635567983227587.1073741826.635054059945646/1576897719094604/?type=3,Black Panther updated their cover photo.,75,331,683,5,93,1,0
112,635054059945646_1578367215614321,993,6.35E+14,Black Panther,"If youíve got an extra pass this weekend, we think we might know someone who wants one...",2018-04-13T13:00:01+0000,video,https://www.facebook.com/BlackPantherMovie/videos/1578367215614321/,NA,30,123,221,178,5,0,0
113,635054059945646_1579134178870958,144,6.35E+14,Black Panther,NA,2018-04-12T16:10:50+0000,photo,https://www.facebook.com/BlackPantherMovie/photos/a.635567983227587.1073741826.635054059945646/1579134178870958/?type=3,Black Panther updated their cover photo.,6,5,16,0,3,0,0
114,635054059945646_1580278895423153,2511,6.35E+14,Black Panther,NA,2018-04-13T18:31:40+0000,photo,https://www.facebook.com/BlackPantherMovie/photos/a.635567983227587.1073741826.635054059945646/1580278895423153/?type=3,Black Panther updated their cover photo.,32,119,420,2,48,1,0
115,635054059945646_1580346852083024,2293,6.35E+14,Black Panther,"Check out the exclusive RealD Marvel Studios' Avengers: Infinity War poster, and see the film in theaters April 27! Get tickets: http://bit.ly/2vc1U9B",2018-04-13T20:12:36+0000,photo,https://www.facebook.com/BlackPantherMovie/photos/a.959302734187442.1073741828.635054059945646/1580346852083024/?type=3,NA,23,128,339,1,66,1,0
116,635054059945646_1580408552076854,783,6.35E+14,Black Panther,Celebrating 10 years of the Marvel Cinematic Universe with this custom LEGO poster! #LEGOMarvel,2018-04-13T21:45:02+0000,photo,https://www.facebook.com/BlackPantherMovie/photos/a.959302734187442.1073741828.635054059945646/1580408552076854/?type=3,NA,8,25,96,7,20,0,0
117,635054059945646_1580460672071642,3259,6.35E+14,Black Panther,"Check out the exclusive Dolby Cinema poster for Marvel Studios' ""Avengers: Infinity War,"" and see the film in theaters April 27! Get tickets: http://bit.ly/2HfH2mT",2018-04-13T23:15:01+0000,photo,https://www.facebook.com/BlackPantherMovie/photos/a.959302734187442.1073741828.635054059945646/1580460672071642/?type=3,NA,38,280,528,4,114,0,0
118,635054059945646_1580972458687130,2046,6.35E+14,Black Panther,"For Wakanda, every moment comes down to this. Be the first to watch never-before-seen deleted scenes from Marvel Studiosí ""Black Panther"" on Digital, Movies Anywhere, and 4K UHD May 8. Pre-order NOW: http://bitly.com/witnessthelegend",2018-04-14T13:00:01+0000,photo,https://www.facebook.com/BlackPantherMovie/photos/a.959302734187442.1073741828.635054059945646/1580972458687130/?type=3,NA,20,73,292,2,34,0,0
119,635054059945646_1583175098466866,837,6.35E+14,Black Panther,"Here's the exclusive Marvel Studios' ""Avengers: Infinity War"" cover art for Moviebill! Get your hands on the full edition at Regal Cinemas during opening weekend starting on April 27.",2018-04-16T20:00:01+0000,photo,https://www.facebook.com/BlackPantherMovie/photos/a.959302734187442.1073741828.635054059945646/1583175098466866/?type=3,NA,9,37,107,2,23,0,0
120,635054059945646_1586642758120100,1353,6.35E+14,Black Panther,"Witness the legend. Donít miss exclusive behind-the-scenes footage when you bring home Marvel Studiosí ""Black Panther"" early on Digital, Movies Anywhere, and 4K UHD May 8: http://bitly.com/witnessthelegend",2018-04-20T13:00:00+0000,photo,https://www.facebook.com/BlackPantherMovie/photos/a.959302734187442.1073741828.635054059945646/1586642758120100/?type=3,NA,10,43,189,3,27,1,0
121,635054059945646_1586905574760485,4489,6.35E+14,Black Panther,"Congratulations to Chadwick Boseman, Sterling K. Brown, and Ryan Coogler of Marvel Studios' ""Black Panther"" for being recognized in TIMEís 100 Most Influential People of 2018 list! Read Chadwick's profile:",2018-04-20T18:30:00+0000,link,http://bit.ly/2vvDXKN,NA,45,362,1051,5,80,0,1
122,635054059945646_1592459837538392,298,6.35E+14,Black Panther,"Itís all been leading to this. Marvel Studios' ""Avengers: Infinity War"" is in theaters TONIGHT. Get tickets now: https://fandan.co/2r0YLVA",2018-04-26T17:30:01+0000,photo,https://www.facebook.com/BlackPantherMovie/photos/a.959302734187442.1073741828.635054059945646/1592459837538392/?type=3,NA,5,16,NA,NA,NA,NA,NA
123,635054059945646_1749267768464555,501,6.35E+14,Black Panther,"""Destiny arrives."" We're going LIVE right here on Facebook from the Hollywood red carpet premiere of Marvel Studios' ""Avengers: Infinity War"" on April 23 at 8:30pm ET/5:30pm PT! Stay tuned for interviews with the cast and more.",2018-04-19T17:46:44+0000,video,https://www.facebook.com/BlackPantherMovie/videos/1749267768464555/,Black Panther was live.,405,179,403,2,24,3,3
124,635054059945646_337366713357614,1932,6.35E+14,Black Panther,"Join the Marvel team on this #DayofGiving to help those affected by Hurricane Harvey. Visit RedCross.org/ABC, or call 1-855-999-GIVE. Anything helps! (via Zoe Saldana)",2017-09-01T00:50:39+0000,video,https://www.facebook.com/BlackPantherMovie/videos/337366713357614/,NA,18,122,351,1,40,1,1
125,635054059945646_339742409786711,4850,6.35E+14,Black Panther,Itís main event time. Get your #ThorRagnarok tickets NOW: https://fandan.co/2vMuRbX,2017-09-08T02:02:23+0000,video,https://www.facebook.com/BlackPantherMovie/videos/339742409786711/,NA,77,807,903,34,199,0,1
126,635054059945646_352792058481746,36201,6.35E+14,Black Panther,"Long live the king. Watch the new trailer for Marvel Studios' ""Black Panther."" In theaters February 16!",2017-10-16T13:10:37+0000,video,https://www.facebook.com/BlackPantherMovie/videos/352792058481746/,NA,6982,65144,14734,92,4148,13,10
127,635054059945646_370160626744889,15223,6.35E+14,Black Panther,"ìThere was an ideaÖî

Marvel Studios' ""Avengers: Infinity War"" in theaters May 4.",2017-11-29T13:38:07+0000,video,https://www.facebook.com/BlackPantherMovie/videos/370160626744889/,NA,786,5024,7313,37,1244,13,3
128,635054059945646_378319572595661,13129,6.35E+14,Black Panther,"The Black Panther has been the protector of Wakanda for generations. Watch the brand new TV spot and see Marvel Studios' ""Black Panther"" in theaters February 16!",2017-12-14T01:21:37+0000,video,https://www.facebook.com/BlackPantherMovie/videos/378319572595661/,NA,414,4918,4335,16,649,0,1
129,635054059945646_386718335089118,9770,6.35E+14,Black Panther,"Watch Marvel Studios' ""Black Panther"" go from comic book pages to the big screen in this all-new special look. See the film in theaters February 16!",2018-01-04T18:16:22+0000,video,https://www.facebook.com/BlackPantherMovie/videos/386718335089118/,NA,316,3811,3153,10,344,1,0
130,635054059945646_388409148253370,24126,6.35E+14,Black Panther,"Long live the king. Marvel Studios' ""Black Panther"" tickets are now available: https://fandan.co/2BxwgDf",2018-01-09T03:14:49+0000,video,https://www.facebook.com/BlackPantherMovie/videos/388409148253370/,NA,5185,16109,8633,66,1063,12,24
131,635054059945646_389522451475373,4831,6.35E+14,Black Panther,"Itís good to be king. Watch this brand new featurette for Marvel Studios' ""Black Panther,"" in theaters February 16! Get your tickets now: www.fandango.com/blackpanther #BlackPanther",2018-01-11T18:09:19+0000,video,https://www.facebook.com/BlackPantherMovie/videos/389522451475373/,NA,91,731,1265,3,131,0,1
132,635054059945646_389879444773007,18528,6.35E+14,Black Panther,"Meet the Dora Milaje in this special look at Marvel Studios' ""Black Panther""! Get your tickets and see the film in theaters February 16: www.fandango.com/blackpanther",2018-01-12T17:04:13+0000,video,https://www.facebook.com/BlackPantherMovie/videos/389879444773007/,NA,672,11162,7332,26,564,5,5
133,635054059945646_390615814699370,26273,6.35E+14,Black Panther,"The kingdom has come. Get your tickets to Marvel Studios' ""Black Panther"" NOW: www.fandango.com/blackpanther",2018-01-14T18:00:00+0000,video,https://www.facebook.com/BlackPantherMovie/videos/390615814699370/,NA,3320,60090,11929,60,1576,7,1
134,635054059945646_391394617954823,4442,6.35E+14,Black Panther,"One month until Marvel Studios' ""Black Panther."" Get tickets now: https://fandan.co/2BxwgDf",2018-01-16T18:03:47+0000,video,https://www.facebook.com/BlackPantherMovie/videos/391394617954823/,NA,153,1111,1455,4,88,0,0
135,635054059945646_391810554579896,1696,6.35E+14,Black Panther,"King. Nation. Wakanda Forever. Get your tickets to Marvel Studios' ""Black Panther"" now: www.fandango.com/blackpanther",2018-01-17T18:15:03+0000,video,https://www.facebook.com/BlackPantherMovie/videos/391810554579896/,NA,24,239,436,2,58,0,0
136,635054059945646_392207721206846,2348,6.35E+14,Black Panther,"ìYou are not alone in this fight.î See Marvel Studios' ""Black Panther"" in theaters February 16! Get tickets now: www.fandango.com/blackpanther",2018-01-18T19:00:06+0000,video,https://www.facebook.com/BlackPantherMovie/videos/392207721206846/,NA,51,388,637,1,54,1,1
137,635054059945646_392573767836908,1596,6.35E+14,Black Panther,"ìIím just getting started.î Get your tickets NOW to see Marvel Studios' ""Black Panther"": www.fandango.com/blackpanther",2018-01-19T18:00:00+0000,video,https://www.facebook.com/BlackPantherMovie/videos/392573767836908/,NA,45,120,261,1,59,0,0
138,635054059945646_393885231039095,2975,6.35E+14,Black Panther,"Discover what makes Wakanda the best-kept secret in this all-new featurette with interviews from Director Ryan Coogler and the cast. Get tickets to see Marvel Studios' ""Black Panther"" now: www.fandango.com/blackpanther",2018-01-22T19:30:01+0000,video,https://www.facebook.com/BlackPantherMovie/videos/393885231039095/,NA,49,618,727,5,85,0,1
139,635054059945646_394248704336081,1932,6.35E+14,Black Panther,100 days. Avengers #InfinityWar,2018-01-23T16:06:32+0000,video,https://www.facebook.com/BlackPantherMovie/videos/394248704336081/,NA,57,244,530,6,94,1,0
140,635054059945646_395680107526274,2111,6.35E+14,Black Panther,"Three weeks until Marvel Studios' ""Black Panther."" Get your tickets now: www.fandango.com/blackpanther",2018-01-26T21:30:52+0000,video,https://www.facebook.com/BlackPantherMovie/videos/395680107526274/,NA,73,521,646,1,59,0,0
141,635054059945646_396025934158358,867,6.35E+14,Black Panther,"ìWhat do you know about Wakanda?î See Marvel Studios' ""Black Panther"" in theaters February 16 and get your tickets now: www.fandango.com/blackpanther",2018-01-27T18:03:24+0000,video,https://www.facebook.com/BlackPantherMovie/videos/396025934158358/,NA,25,92,146,3,38,0,1
142,635054059945646_396510277443257,6055,6.35E+14,Black Panther,"ìIt is your time.î Get your tickets to see Marvel Studiosí ìBlack Panther,î coming to theaters February 16: www.fandango.com/blackpanther",2018-01-29T01:20:36+0000,video,https://www.facebook.com/BlackPantherMovie/videos/396510277443257/,NA,314,1755,1788,7,233,0,0
143,635054059945646_397202994040652,3730,6.35E+14,Black Panther,"Real heroes. Not actual size. 
Watch the brand new trailer for Marvel Studios' ""Ant-Man and the Wasp,"" in theaters July 6th! #AntManandWasp",2018-01-30T14:05:34+0000,video,https://www.facebook.com/BlackPantherMovie/videos/397202994040652/,NA,166,929,934,16,207,0,1
144,635054059945646_399730370454581,2778,6.35E+14,Black Panther,An entire universe. Once and for all. #InfinityWar,2018-02-05T02:22:23+0000,video,https://www.facebook.com/BlackPantherMovie/videos/399730370454581/,NA,132,729,929,3,125,0,0
145,635054059945646_400543777039907,1421,6.35E+14,Black Panther,"In 10 days, respect the throne. Get tickets to Marvel Studios' ""Black Panther"" now: www.fandango.com/blackpanther",2018-02-06T16:00:00+0000,video,https://www.facebook.com/BlackPantherMovie/videos/400543777039907/,NA,107,449,459,0,49,0,0
146,635054059945646_400616513699300,1788,6.35E+14,Black Panther,"ìIíve waited my entire life for this.î Get tickets to see Marvel Studios' ""Black Panther"" in theaters in 10 days: www.fandango.com/blackpanther",2018-02-06T18:33:59+0000,video,https://www.facebook.com/BlackPantherMovie/videos/400616513699300/,NA,58,553,588,4,57,0,1
147,635054059945646_400701583690793,1311,6.35E+14,Black Panther,From the Bronx to Wakanda. Check out this collaboration with Ghetto Gastro as they bring the #TasteofWakanda to life!  #BlackPanther,2018-02-06T22:34:51+0000,video,https://www.facebook.com/BlackPantherMovie/videos/400701583690793/,NA,20,222,308,2,36,1,0
148,635054059945646_401531490274469,684,6.35E+14,Black Panther,Marvel Studios kicks off its year-long 10th anniversary celebration with a behind-the-scenes look at the class photo featuring 79 actors and filmmakers from across the Marvel Cinematic Universe!,2018-02-08T20:51:15+0000,video,https://www.facebook.com/BlackPantherMovie/videos/401531490274469/,NA,18,155,161,1,31,0,0
149,635054059945646_401579646936320,1487,6.35E+14,Black Panther,"A special message for the fans. Find out how you can enter the Marvel Studios Ultimate Fan Sweepstakes for a chance to win a trip to the Marvel Studios' ""Avengers: Infinity War"" premiere, a tour of Marvel Studios, Marvel Studios' ""Captain Marvel"" set visit, and more! See official rules: www.marvel.com/10YearSweepstakes",2018-02-08T23:08:45+0000,video,https://www.facebook.com/BlackPantherMovie/videos/401579646936320/,NA,26,256,352,4,68,1,3
150,635054059945646_401901963570755,2831,6.35E+14,Black Panther,"Critics are saying, ìYouíve never seen anything like it.î See Marvel Studiosí ìBlack Pantherî in theaters in one week!",2018-02-09T16:03:47+0000,video,https://www.facebook.com/BlackPantherMovie/videos/401901963570755/,NA,157,1241,925,8,111,0,1
151,635054059945646_401951830232435,1579,6.35E+14,Black Panther,"One week until Marvel Studios' ""Black Panther."" Do you have your tickets yet? Get them now: www.fandango.com/blackpanther",2018-02-09T18:09:45+0000,video,https://www.facebook.com/BlackPantherMovie/videos/401951830232435/,NA,56,464,486,1,40,0,0
152,635054059945646_402000653560886,753,6.35E+14,Black Panther,The journey continues for Ghetto Gastro as they create the #BlackPanther-inspired #TasteOfWakanda.,2018-02-09T20:03:58+0000,video,https://www.facebook.com/BlackPantherMovie/videos/402000653560886/,NA,25,145,161,2,26,0,0
153,635054059945646_402023023558649,2030,6.35E+14,Black Panther,Itís now or never. #BlackPanther,2018-02-09T22:00:01+0000,video,https://www.facebook.com/BlackPantherMovie/videos/402023023558649/,NA,79,714,736,5,58,1,0
154,635054059945646_402858553475096,5568,6.35E+14,Black Panther,"In five days, a king will rise. See Marvel Studiosí ""Black Panther"" in theaters this Friday.",2018-02-11T19:30:33+0000,video,https://www.facebook.com/BlackPantherMovie/videos/402858553475096/,NA,251,2323,2113,11,203,0,0
155,635054059945646_402950840132534,2425,6.35E+14,Black Panther,"In five days, see the film critics call ìrevolutionary.î Get tickets to Marvel Studios' ""Black Panther"" now: www.fandango.com/blackpanther",2018-02-11T23:43:54+0000,video,https://www.facebook.com/BlackPantherMovie/videos/402950840132534/,NA,122,683,724,3,81,0,1
156,635054059945646_403764143384537,2739,6.35E+14,Black Panther,"Witness the fashion of Marvel Studios' ""Black Panther."" See the looks that inspired the designs with costume designer Ruth Carter. In theaters Friday: http://www.fandango.com/blackpanther",2018-02-13T19:24:28+0000,video,https://www.facebook.com/BlackPantherMovie/videos/403764143384537/,NA,126,1122,1128,4,72,0,1
157,635054059945646_404153106678974,2879,6.35E+14,Black Panther,"Two days until Marvel Studios' ""Black Panther."" Get your tickets now: https://www.atomtickets.com/movies/black-panther/198436",2018-02-14T18:00:38+0000,video,https://www.facebook.com/BlackPantherMovie/videos/404153106678974/,NA,151,862,931,2,76,2,0
158,635054059945646_404644759963142,3498,6.35E+14,Black Panther,"The kingdom has come. Marvel Studios' ""Black Panther"" is in theaters TONIGHT. Get tickets: www.fandango.com/blackpanther",2018-02-15T22:30:00+0000,video,https://www.facebook.com/BlackPantherMovie/videos/404644759963142/,NA,382,1482,1186,6,77,5,1
159,635054059945646_405073626586922,3451,6.35E+14,Black Panther,"This is it. Marvel Studios' ""Black Panther"" is NOW PLAYING. www.fandango.com/blackpanther",2018-02-16T18:30:00+0000,video,https://www.facebook.com/BlackPantherMovie/videos/405073626586922/,NA,154,1246,1200,7,60,1,2
160,635054059945646_405115723249379,2981,6.35E+14,Black Panther,"Welcome to Wakanda. See Marvel Studios' ""Black Panther"" in theaters NOW. www.fandango.com/blackpanther",2018-02-16T19:32:17+0000,video,https://www.facebook.com/BlackPantherMovie/videos/405115723249379/,NA,229,1031,1012,2,71,2,4
161,635054059945646_405159853244966,2878,6.35E+14,Black Panther,Watch as Ghetto Gastro finally brings the #TasteOfWakanda to life at #NYFW<U+200B>! #BlackPanther,2018-02-16T22:00:44+0000,video,https://www.facebook.com/BlackPantherMovie/videos/405159853244966/,NA,111,577,643,5,105,0,1
162,635054059945646_406500709777547,6313,6.35E+14,Black Panther,"Hold tight, Marvel Studios' ""Black Panther"" is the #1 movie in the world. Whoís seeing it again?",2018-02-19T19:00:00+0000,video,https://www.facebook.com/BlackPantherMovie/videos/406500709777547/,NA,547,1713,2111,10,124,1,4
163,635054059945646_407717662989185,2423,6.35E+14,Black Panther,"Explore the fashion of Marvel Studios' ""Black Panther."" See the looks that inspired the designs with costume designer Ruth Carter.",2018-02-22T19:07:15+0000,video,https://www.facebook.com/BlackPantherMovie/videos/407717662989185/,NA,70,481,511,2,56,0,2
164,635054059945646_408045059623112,5447,6.35E+14,Black Panther,"Experience the phenomenon. Marvel Studios' ""Black Panther"" is now playing: www.fandango.com/blackpanther",2018-02-23T16:00:11+0000,video,https://www.facebook.com/BlackPantherMovie/videos/408045059623112/,NA,204,1522,1624,2,104,1,3
165,635054059945646_409475399480078,4414,6.35E+14,Black Panther,"Experience the phenomenon for yourself. Marvel Studios' ""Black Panther"" is now playing: www.fandango.com/blackpanther",2018-02-27T02:34:55+0000,video,https://www.facebook.com/BlackPantherMovie/videos/409475399480078/,NA,171,865,1367,7,88,1,1
166,635054059945646_410132529414365,5251,6.35E+14,Black Panther,"The people have spoken. Marvel Studios' ""Black Panther"" is the #1 movie in the world. See it again: www.fandango.com/blackpanther",2018-02-28T18:03:26+0000,video,https://www.facebook.com/BlackPantherMovie/videos/410132529414365/,NA,247,821,1530,8,84,0,1
167,635054059945646_410186809408937,2433,6.35E+14,Black Panther,"Our queen. See Marvel Studios' ""Black Panther"" in theaters now: www.fandango.com/blackpanther",2018-02-28T21:02:39+0000,video,https://www.facebook.com/BlackPantherMovie/videos/410186809408937/,NA,102,318,706,3,32,1,0
168,635054059945646_417355608692057,6552,6.35E+14,Black Panther,"Watch the new Marvel Studios' ""Avengers: Infinity War"" trailer. Get your tickets now: www.fandango.com/infinitywar",2018-03-16T13:05:16+0000,video,https://www.facebook.com/BlackPantherMovie/videos/417355608692057/,NA,1022,4463,1934,29,569,3,2
169,635054059945646_417475068680111,3958,6.35E+14,Black Panther,"Destiny arrives. Get tickets to Marvel Studios' ""Avengers: Infinity War"" now: www.fandango.com/infinitywar",2018-03-16T13:23:37+0000,video,https://www.facebook.com/BlackPantherMovie/videos/417475068680111/,NA,134,759,871,5,146,0,1
170,635054059945646_427798567647761,6632,6.35E+14,Black Panther,"Where will you be when it all ends? See Marvel Studios' ""Avengers: Infinity War"" in theaters April 27. Get tickets now: http://www.fandango.com/infinitywar",2018-04-07T16:00:01+0000,video,https://www.facebook.com/BlackPantherMovie/videos/427798567647761/,NA,576,4021,2327,61,373,0,1
171,635054059945646_429157854178499,1029,6.35E+14,Black Panther,10 years. Over 18 movies. A special thank you to all of the fans.,2018-04-10T16:00:00+0000,video,https://www.facebook.com/BlackPantherMovie/videos/429157854178499/,NA,35,187,308,2,17,2,0
172,635054059945646_429705297457088,2255,6.35E+14,Black Panther,Itís all been leading to this. Avengers: #InfinityWar #BlackPanther,2018-04-11T18:30:11+0000,video,https://www.facebook.com/BlackPantherMovie/videos/429705297457088/,NA,58,364,679,0,61,0,0
173,635054059945646_430060967421521,1753,6.35E+14,Black Panther,"In two weeks, be a part of the legacy. See Marvel Studios' ""Avengers<U+200B>: Infinity War"" in theaters April 27. Get tickets now: http://www.fandango.com/infinitywar",2018-04-12T16:00:01+0000,video,https://www.facebook.com/BlackPantherMovie/videos/430060967421521/,NA,76,408,392,3,88,2,0
174,635054059945646_430105864083698,1086,6.35E+14,Black Panther,"Donít miss your chance to experience the phenomenon in theaters. Get tickets to Marvel Studios' ""Black Panther"" now: www.fandango.com/blackpanther",2018-04-12T19:00:01+0000,video,https://www.facebook.com/BlackPantherMovie/videos/430105864083698/,NA,35,121,274,4,29,0,0
175,635054059945646_430506957376922,536,6.35E+14,Black Panther,"See Marvel Studios' ""Avengers: Infinity War"" in theaters April 27. Get tickets now: http://www.fandango.com/infinitywar",2018-04-13T16:30:00+0000,video,https://www.facebook.com/BlackPantherMovie/videos/430506957376922/,NA,15,104,98,43,5,0,0
176,635054059945646_430983803995904,312,6.35E+14,Black Panther,"""You guys know I can move things with my mind, right?"" Marvel Studios' ""Avengers: Infinity War"" opens in theaters April 27. #ScarletWitch",2018-04-14T17:08:53+0000,video,https://www.facebook.com/BlackPantherMovie/videos/430983803995904/,NA,9,23,46,0,10,0,0
177,635054059945646_430990410661910,919,6.35E+14,Black Panther,Itís all been leading to this. Avengers: #InfinityWar #Thor,2018-04-14T18:00:01+0000,video,https://www.facebook.com/BlackPantherMovie/videos/430990410661910/,NA,24,79,195,2,31,0,0
178,635054059945646_431392953954989,291,6.35E+14,Black Panther,"ìNothing lasts forever.î See Marvel Studios' ""Avengers: Infinity War"" in theaters April 27. #BlackWidow",2018-04-15T17:30:00+0000,video,https://www.facebook.com/BlackPantherMovie/videos/431392953954989/,NA,3,25,28,0,6,0,0
179,635054059945646_431401217287496,462,6.35E+14,Black Panther,Itís all been leading to this. Avengers: #InfinityWar #Gamora,2018-04-15T18:30:00+0000,video,https://www.facebook.com/BlackPantherMovie/videos/431401217287496/,NA,13,32,64,0,12,0,0
180,635054059945646_431789013915383,503,6.35E+14,Black Panther,Itís all been leading to this. Avengers: #InfinityWar #IronMan,2018-04-16T18:34:02+0000,video,https://www.facebook.com/BlackPantherMovie/videos/431789013915383/,NA,7,59,94,0,18,0,1
181,635054059945646_432158093878475,1491,6.35E+14,Black Panther,"In ten days, destiny arrives. Get your tickets to Marvel Studios' ""Avengers: Infinity War"" now: http://www.fandango.com/infinitywar",2018-04-17T15:00:01+0000,video,https://www.facebook.com/BlackPantherMovie/videos/432158093878475/,NA,89,325,333,2,46,1,0
182,635054059945646_432293683864916,3062,6.35E+14,Black Panther,"Itís all been leading to this. Watch this special look at Marvel Studios' ""Avengers: Infinity War,"" and get tickets now: http://www.fandango.com/infinitywar",2018-04-17T21:00:01+0000,video,https://www.facebook.com/BlackPantherMovie/videos/432293683864916/,NA,98,812,1067,5,122,6,0
183,635054059945646_432723433821941,390,6.35E+14,Black Panther,Itís all been leading to this. Avengers: #InfinityWar #TheVision,2018-04-18T17:30:30+0000,video,https://www.facebook.com/BlackPantherMovie/videos/432723433821941/,NA,4,44,70,0,17,0,0
184,635054059945646_432737457153872,669,6.35E+14,Black Panther,"ìI never freeze.î Marvel Studios' ""Avengers: Infinity War"" opens in theaters April 27. #BlackPanther",2018-04-18T19:00:05+0000,video,https://www.facebook.com/BlackPantherMovie/videos/432737457153872/,NA,21,91,163,13,7,0,0
185,635054059945646_433141930446758,633,6.35E+14,Black Panther,"See Marvel Studios' ""Avengers: Infinity War"" in one week. Get tickets: http://www.fandango.com/infinitywar",2018-04-19T20:00:20+0000,video,https://www.facebook.com/BlackPantherMovie/videos/433141930446758/,NA,14,115,133,1,23,0,0
186,635054059945646_433188133775471,475,6.35E+14,Black Panther,ìPuny god.î Marvel Studiosí ìAvengers: Infinity Warî comes to theaters April 27. #Hulk,2018-04-19T23:00:06+0000,video,https://www.facebook.com/BlackPantherMovie/videos/433188133775471/,NA,12,28,69,3,11,0,0
187,635054059945646_433523210408630,628,6.35E+14,Black Panther,"ìThereís one other name you might know me by.î Marvel Studios' ""Avengers: Infinity War"" opens in theaters April 27. #StarLord",2018-04-20T19:00:06+0000,video,https://www.facebook.com/BlackPantherMovie/videos/433523210408630/,NA,13,47,101,19,8,0,0
188,635054059945646_433906080370343,240,6.35E+14,Black Panther,"""Our very strength incites challenge.î See Marvel Studios' ""Avengers: Infinity War"" in theaters April 27. #TheVision",2018-04-21T18:00:04+0000,video,https://www.facebook.com/BlackPantherMovie/videos/433906080370343/,NA,6,15,41,0,10,1,0
189,635054059945646_434108300350121,799,6.35E+14,Black Panther,"In five days, be there for the cinematic event of a lifetime. Get tickets to Marvel Studios' ""Avengers: Infinity War"" now: http://www.fandango.com/infinitywar",2018-04-22T15:00:01+0000,video,https://www.facebook.com/BlackPantherMovie/videos/434108300350121/,NA,19,125,164,1,26,0,0
190,635054059945646_434254503668834,907,6.35E+14,Black Panther,"See Marvel Studios' ""Avengers: Infinity War"" in five days. Get tickets now: http://www.fandango.com/infinitywar",2018-04-22T16:30:00+0000,video,https://www.facebook.com/BlackPantherMovie/videos/434254503668834/,NA,16,181,225,3,17,1,0
191,635054059945646_434450483649236,1113,6.35E+14,Black Panther,"We asked. You answered. The game starts now. Watch the cast of Marvel Studios' ""Avengers: Infinity War"" LIVE on Facebook.",2018-04-22T22:27:22+0000,video,https://www.facebook.com/BlackPantherMovie/videos/434450483649236/,Black Panther was live.,822,340,566,159,9,1,2
192,635054059945646_434889740271977,1185,6.35E+14,Black Panther,"Marvel Studios' ""Avengers: Infinity War"" arrives in four days. Get tickets: http://www.fandango.com/infinitywar",2018-04-23T20:00:01+0000,video,https://www.facebook.com/BlackPantherMovie/videos/434889740271977/,NA,25,267,301,3,44,1,0
193,635054059945646_434917166935901,2145,6.35E+14,Black Panther,"ìWe donít fight for one life. We fight for all of them.î Check out this behind-the-scenes look at Marvel Studios' ""Avengers: Infinity War,"" and tune in to our Facebook Live tonight to watch the red carpet world premiere from Hollywood.",2018-04-23T21:01:05+0000,video,https://www.facebook.com/BlackPantherMovie/videos/434917166935901/,NA,86,499,560,3,70,3,1
194,635054059945646_435327493561535,761,6.35E+14,Black Panther,"In three days, be there when destiny arrives. Get tickets to Marvel Studios' ""Avengers: Infinity War"" now: http://www.fandango.com/infinitywar",2018-04-24T16:56:39+0000,video,https://www.facebook.com/BlackPantherMovie/videos/435327493561535/,NA,23,101,161,0,27,1,0
195,635054059945646_435347566892861,1529,6.35E+14,Black Panther,"See Marvel Studios' ""Avengers: Infinity War"" in three days. Get tickets now: http://www.fandango.com/infinitywar",2018-04-24T18:00:01+0000,video,https://www.facebook.com/BlackPantherMovie/videos/435347566892861/,NA,42,341,401,3,47,2,0
196,635054059945646_435821716845446,1610,6.35E+14,Black Panther,"Be the first to see Marvel Studios' ""Avengers: Infinity War"" tomorrow night. Get tickets now: http://www.fandango.com/infinitywar",2018-04-25T16:30:00+0000,video,https://www.facebook.com/BlackPantherMovie/videos/435821716845446/,NA,66,314,381,2,89,9,0
197,635054059945646_435882546839363,585,6.35E+14,Black Panther,"See Marvel Studios' ""Avengers: Infinity War"" tomorrow night. Get tickets: http://www.fandango.com/infinitywar",2018-04-25T18:00:44+0000,video,https://www.facebook.com/BlackPantherMovie/videos/435882546839363/,NA,14,129,176,2,9,0,0
198,635054059945646_435987233495561,291,6.35E+14,Black Panther,Itís all been leading to this. Avengers: #InfinityWar #DoctorStrange,2018-04-25T22:18:51+0000,video,https://www.facebook.com/BlackPantherMovie/videos/435987233495561/,NA,7,23,45,1,4,2,0
199,635054059945646_436423226785295,283,6.35E+14,Black Panther,"The wait is over. See Marvel Studios' ""Avengers: Infinity War"" TONIGHT. Get tickets now: http://www.fandango.com/infinitywar",2018-04-26T16:30:00+0000,video,https://www.facebook.com/BlackPantherMovie/videos/436423226785295/,NA,5,54,56,3,9,1,0
200,635054059945646_436496240111327,51,6.35E+14,Black Panther,"Marvel Studios' ""Avengers: Infinity War"" opens TONIGHT. Get tickets: http://www.fandango.com/infinitywar",2018-04-26T19:00:01+0000,video,https://www.facebook.com/BlackPantherMovie/videos/436496240111327/,NA,3,11,NA,NA,NA,NA,NA
200,635054059945646_436496240111327,51,6.35E+14,Black Panther,"Marvel Studios' ""Avengers: Infinity War"" opens TONIGHT. Get tickets: http://www.fandango.com/infinitywar",2018-04-26T19:00:01+0000,video,https://www.facebook.com/BlackPantherMovie/videos/436496240111327/,NA,3,11,NA,NA,NA,NA,NA